,seasonal_strength,trend_strength
Temperature_Anomaly,0.023651937352805796,0.959337987901356
CO2,0.020541452989090936,0.9999240306367629
article_count,,
avg_tone,,
