,slope,r_squared,p_value,std_err
Temperature_Anomaly,0.8232741750455496,0.7754737360959915,1.4709536342960537e-48,0.03691588415428962
CO2,0.4650590072590206,0.6598771989179236,1.5435721669261215e-35,0.02782358753349073
article_count,0.0,0.0,1.0,0.0
avg_tone,0.0,0.0,1.0,0.0
