,article_count,avg_tone,Temperature_Anomaly,CO2
article_count,1.0,1.0,1.0,1.0
avg_tone,1.0,1.0,1.0,1.0
Temperature_Anomaly,1.0,1.0,3.971862410081696e-24,0.16900497740218928
CO2,1.0,1.0,0.16900497740218928,0.0
